filename,width,height,class,xmin,ymin,xmax,ymax
IMG_20180823_105659.jpg,4160,3120,INS-A,892,797,1334,1178
IMG_20180823_105659.jpg,4160,3120,INS-A,1368,707,1815,1112
IMG_20180823_105659.jpg,4160,3120,INS-A,1872,883,2272,1126
IMG_20180823_105659.jpg,4160,3120,INS-A,2282,254,2611,526
IMG_20180823_105659.jpg,4160,3120,INS-A,2672,307,2963,621
IMG_20180823_105659.jpg,4160,3120,INS-A,2258,545,2615,731
IMG_20180823_105659.jpg,4160,3120,INS-A,2901,1073,3187,1378
IMG_20180823_105659.jpg,4160,3120,INS-A,1996,1188,2439,1507
IMG_20180823_105659.jpg,4160,3120,INS-A,1501,1173,1968,1535
IMG_20180823_105659.jpg,4160,3120,INS-A,1053,1178,1463,1488
IMG_20180823_105659.jpg,4160,3120,INS-B,425,1750,777,2312
IMG_20180823_105659.jpg,4160,3120,INS-B,858,1783,1125,2221
IMG_20180823_105659.jpg,4160,3120,INS-B,1187,1616,1492,2240
IMG_20180823_105659.jpg,4160,3120,INS-B,1572,1645,1796,2159
IMG_20180823_105659.jpg,4160,3120,INS-B,1858,1621,2092,2188
IMG_20180823_105659.jpg,4160,3120,INS-B,2192,1645,2401,2150
IMG_20180823_105659.jpg,4160,3120,INS-B,2601,1745,2801,2221
IMG_20180823_105659.jpg,4160,3120,INS-B,2858,1707,3182,2273
IMG_20180823_105659.jpg,4160,3120,INS-B,3263,1712,3582,2316
IMG_20180823_105659.jpg,4160,3120,INS-B,3711,1645,4068,2250
IMG_20180823_105659.jpg,4160,3120,INS-C,596,2421,925,2864
IMG_20180823_105659.jpg,4160,3120,INS-C,963,2393,1225,2878
IMG_20180823_105659.jpg,4160,3120,INS-C,1272,2450,1515,2893
IMG_20180823_105659.jpg,4160,3120,INS-C,1572,2412,1892,2954
IMG_20180823_105659.jpg,4160,3120,INS-C,1915,2378,2158,2926
IMG_20180823_105659.jpg,4160,3120,INS-C,2234,2435,2525,2935
IMG_20180823_105659.jpg,4160,3120,INS-C,2553,2378,2820,2845
IMG_20180823_105659.jpg,4160,3120,INS-C,2844,2393,3101,2902
IMG_20180823_105659.jpg,4160,3120,INS-C,3115,2373,3334,2878
IMG_20180823_105659.jpg,4160,3120,INS-C,3363,2369,3687,2888
IMG_20181123_162650.jpg,720,480,INS-A,311,201,403,300
IMG_20181123_163319.jpg,720,480,INS-A,304,166,415,283
IMG_20181123_163323.jpg,720,480,INS-A,305,197,419,283
IMG_20181123_163328.jpg,720,480,INS-A,288,174,423,280
IMG_20181123_163332.jpg,720,480,INS-B,280,205,439,274
IMG_20181123_163342.jpg,720,480,INS-C,288,195,447,283
IMG_20181123_163407.jpg,720,480,INS-A,266,171,415,294
IMG_20181123_163413.jpg,720,480,INS-A,299,153,411,290
IMG_20181123_163421.jpg,720,480,INS-A,282,194,409,261
IMG_20181123_163443.jpg,720,480,INS-B,258,131,418,334
IMG_20181123_163514.jpg,720,480,INS-B,309,110,444,252
IMG_20181123_163523.jpg,720,480,INS-A,277,201,460,381
IMG_20181123_163533.jpg,720,480,INS-A,245,151,487,367
IMG_20181123_163702.jpg,720,480,INS-A,269,116,423,272
IMG_20181123_163716.jpg,720,480,INS-A,291,148,410,297
IMG_20181123_163723.jpg,720,480,INS-A,278,132,470,320
IMG_20190521_120253.jpg,1920,1080,INS-A,503,438,729,672
IMG_20190521_120253.jpg,1920,1080,INS-A,1243,468,1435,680
IMG_20190521_120445.jpg,1920,1080,INS-A,841,53,941,138
IMG_20190521_120445.jpg,1920,1080,INS-A,564,266,645,330
IMG_20190521_120445.jpg,1920,1080,INS-A,1128,222,1231,320
IMG_20190521_120445.jpg,1920,1080,INS-A,1339,482,1437,578
IMG_20190521_120445.jpg,1920,1080,INS-A,891,490,954,580
IMG_20190521_120445.jpg,1920,1080,INS-A,633,701,712,790
IMG_20190521_120445.jpg,1920,1080,INS-A,841,936,926,1047
IMG_20190521_120445.jpg,1920,1080,INS-A,1153,990,1246,1080
IMG_20190521_120450.jpg,1920,1080,INS-A,162,586,326,693
IMG_20190521_120450.jpg,1920,1080,INS-A,835,205,1010,388
IMG_20190521_120450.jpg,1920,1080,INS-A,1251,15,1364,115
IMG_20190521_120450.jpg,1920,1080,INS-A,1314,666,1522,866
IMG_20190521_120456.jpg,1920,1080,INS-A,481,341,576,418
IMG_20190521_120456.jpg,1920,1080,INS-A,856,53,981,170
IMG_20190521_120456.jpg,1920,1080,INS-A,1214,284,1354,415
IMG_20190521_120456.jpg,1920,1080,INS-A,903,657,985,765
IMG_20190521_120456.jpg,1920,1080,INS-A,553,959,658,1049
IMG_20190521_120456.jpg,1920,1080,INS-A,1501,649,1624,763
IMG_20190521_120500.jpg,1920,1080,INS-A,814,51,918,203
IMG_20190521_120500.jpg,1920,1080,INS-A,356,530,516,643
IMG_20190521_120500.jpg,1920,1080,INS-A,820,878,981,1076
IMG_20190521_120500.jpg,1920,1080,INS-A,1410,903,1595,1078
IMG_20190521_120500.jpg,1920,1080,INS-A,1660,1,1844,115
IMG_20190521_120504.jpg,1920,1080,INS-A,1006,193,1106,278
IMG_20190521_120504.jpg,1920,1080,INS-A,695,476,881,634
IMG_20190521_120504.jpg,1920,1080,INS-A,1251,741,1456,932
IMG_20190521_120504.jpg,1920,1080,INS-A,228,988,354,1080
IMG_20190521_120506.jpg,1920,1080,INS-A,449,103,645,257
IMG_20190521_120506.jpg,1920,1080,INS-A,945,549,1126,788
IMG_20190521_120506.jpg,1920,1080,INS-A,1529,640,1749,830
IMG_20190521_120514.jpg,1920,1080,INS-A,1079,132,1153,180
IMG_20190521_120514.jpg,1920,1080,INS-A,920,278,1029,365
IMG_20190521_120514.jpg,1920,1080,INS-A,1312,326,1426,415
IMG_20190521_120514.jpg,1920,1080,INS-A,1524,565,1608,680
IMG_20190521_120514.jpg,1920,1080,INS-A,1387,620,1489,724
IMG_20190521_120514.jpg,1920,1080,INS-A,537,516,604,618
IMG_20190521_120514.jpg,1920,1080,INS-A,428,526,487,607
IMG_20190521_120514.jpg,1920,1080,INS-A,191,563,264,649
IMG_20190521_120514.jpg,1920,1080,INS-A,491,805,608,926
IMG_20190521_120518.jpg,1920,1080,INS-A,629,63,899,293
IMG_20190521_120518.jpg,1920,1080,INS-A,1193,611,1397,884
IMG_20190521_120518.jpg,1920,1080,INS-A,874,784,1114,1066
IMG_20190521_120520.jpg,1920,1080,INS-A,768,130,928,236
IMG_20190521_120520.jpg,1920,1080,INS-A,412,515,658,751
IMG_20190521_120520.jpg,1920,1080,INS-A,1362,543,1595,761
IMG_20190521_120524.jpg,1920,1080,INS-A,322,324,468,495
IMG_20190521_120524.jpg,1920,1080,INS-A,806,247,906,405
IMG_20190521_120524.jpg,1920,1080,INS-A,1037,245,1133,411
IMG_20190521_120524.jpg,1920,1080,INS-A,1016,803,1245,1034
IMG_20190521_120541.jpg,1920,1080,INS-A,312,518,458,593
IMG_20190521_120541.jpg,1920,1080,INS-A,472,436,593,518
IMG_20190521_120541.jpg,1920,1080,INS-A,564,326,699,395
IMG_20190521_120541.jpg,1920,1080,INS-A,781,168,935,322
IMG_20190521_120541.jpg,1920,1080,INS-A,1279,184,1424,326
IMG_20190521_120541.jpg,1920,1080,INS-A,1247,355,1395,507
IMG_20190521_120541.jpg,1920,1080,INS-A,664,986,784,1080
IMG_20190521_120541.jpg,1920,1080,INS-A,1483,691,1629,824
IMG_20190521_120541.jpg,1920,1080,INS-A,478,607,599,718
IMG_20190521_120552.jpg,1920,1080,INS-A,447,472,703,736
IMG_20190521_120552.jpg,1920,1080,INS-A,731,611,964,811
IMG_20190521_120552.jpg,1920,1080,INS-A,1335,266,1599,505
IMG_20190521_120556.jpg,1920,1080,INS-A,1210,88,1503,357
IMG_20190521_120556.jpg,1920,1080,INS-A,816,343,1035,491
IMG_20190521_120556.jpg,1920,1080,INS-A,674,559,879,713
IMG_20190521_120556.jpg,1920,1080,INS-A,395,722,645,836
IMG_20190521_120556.jpg,1920,1080,INS-A,685,872,875,1080
IMG_20190521_120631.jpg,1920,1080,INS-A,416,20,539,97
IMG_20190521_120631.jpg,1920,1080,INS-A,610,165,735,265
IMG_20190521_120631.jpg,1920,1080,INS-A,1076,218,1187,343
IMG_20190521_120631.jpg,1920,1080,INS-A,1153,599,1289,759
IMG_20190521_120631.jpg,1920,1080,INS-A,1424,978,1534,1080
IMG_20190521_120635.jpg,1920,1080,INS-A,516,57,656,170
IMG_20190521_120635.jpg,1920,1080,INS-A,766,322,928,461
IMG_20190521_120635.jpg,1920,1080,INS-A,901,1,1015,59
IMG_20190521_120635.jpg,1920,1080,INS-A,1074,1,1160,88
IMG_20190521_120635.jpg,1920,1080,INS-A,1181,65,1266,161
IMG_20190521_120635.jpg,1920,1080,INS-A,1439,488,1628,670
IMG_20190521_120654.jpg,1920,1080,INS-A,235,493,353,593
IMG_20190521_120654.jpg,1920,1080,INS-A,397,543,510,628
IMG_20190521_120654.jpg,1920,1080,INS-A,443,438,593,576
IMG_20190521_120654.jpg,1920,1080,INS-A,641,411,774,526
IMG_20190521_120654.jpg,1920,1080,INS-A,749,376,860,522
IMG_20190521_120654.jpg,1920,1080,INS-A,833,366,954,518
IMG_20190521_120654.jpg,1920,1080,INS-A,970,543,1045,653
IMG_20190521_120654.jpg,1920,1080,INS-A,1241,659,1372,855
IMG_20190521_120654.jpg,1920,1080,INS-A,1481,884,1589,980
IMG_20190521_120707.jpg,1920,1080,INS-A,233,297,360,390
IMG_20190521_120707.jpg,1920,1080,INS-A,679,268,756,341
IMG_20190521_120707.jpg,1920,1080,INS-A,1099,295,1204,407
IMG_20190521_120707.jpg,1920,1080,INS-A,962,509,1066,640
IMG_20190521_120707.jpg,1920,1080,INS-A,1464,486,1597,603
IMG_20190521_120707.jpg,1920,1080,INS-A,1131,640,1216,728
IMG_20190521_120707.jpg,1920,1080,INS-A,947,876,1016,982
IMG_20190521_120707.jpg,1920,1080,INS-A,620,838,699,953
IMG_20190521_120707.jpg,1920,1080,INS-A,308,607,406,705
IMG_20190521_120731.jpg,1920,1080,INS-A,222,520,291,582
IMG_20190521_120731.jpg,1920,1080,INS-A,558,316,628,405
IMG_20190521_120731.jpg,1920,1080,INS-A,816,574,885,649
IMG_20190521_120731.jpg,1920,1080,INS-A,520,722,614,790
IMG_20190521_120731.jpg,1920,1080,INS-A,1324,313,1426,391
IMG_20190521_120731.jpg,1920,1080,INS-A,1262,466,1333,536
IMG_20190521_120731.jpg,1920,1080,INS-A,1087,645,1195,734
IMG_20190521_120731.jpg,1920,1080,INS-A,1241,655,1318,726
IMG_20190521_120731.jpg,1920,1080,INS-A,1350,681,1415,719
IMG_20190521_120734.jpg,1920,1080,INS-A,1006,293,1239,445
IMG_20190521_120734.jpg,1920,1080,INS-A,889,676,1081,876
IMG_20190521_120737.jpg,1920,1080,INS-A,1060,1,1223,132
IMG_20190521_120737.jpg,1920,1080,INS-A,962,247,1106,413
IMG_20190521_120737.jpg,1920,1080,INS-A,631,678,820,845
IMG_20190521_120737.jpg,1920,1080,INS-A,947,649,1070,766
IMG_20190521_120737.jpg,1920,1080,INS-A,1143,661,1278,747
IMG_20190521_120737.jpg,1920,1080,INS-A,39,568,181,701
IMG_20190521_120740.jpg,1920,1080,INS-A,297,445,606,738
IMG_20190521_120740.jpg,1920,1080,INS-A,906,372,1178,626
IMG_20190521_120740.jpg,1920,1080,INS-A,1335,407,1587,636
IMG_20190521_120748.jpg,1920,1080,INS-A,1370,215,1662,447
IMG_20190521_120748.jpg,1920,1080,INS-A,262,661,470,891
IMG_20190521_120752.jpg,1920,1080,INS-A,295,515,441,699
IMG_20190521_120752.jpg,1920,1080,INS-A,1472,222,1681,470
IMG_20190521_120758.jpg,1920,1080,INS-A,131,505,206,570
IMG_20190521_120758.jpg,1920,1080,INS-A,547,282,610,378
IMG_20190521_120758.jpg,1920,1080,INS-A,499,720,574,801
IMG_20190521_120758.jpg,1920,1080,INS-A,828,532,920,607
IMG_20190521_120758.jpg,1920,1080,INS-A,1151,603,1258,699
IMG_20190521_120758.jpg,1920,1080,INS-A,1328,618,1404,695
IMG_20190521_120758.jpg,1920,1080,INS-A,1439,624,1529,691
IMG_20190521_120758.jpg,1920,1080,INS-A,1376,451,1474,507
IMG_20190521_120758.jpg,1920,1080,INS-A,1493,261,1603,357
IMG_20190521_120804.jpg,1920,1080,INS-A,1037,122,1335,290
IMG_20190521_120804.jpg,1920,1080,INS-A,301,665,660,922
IMG_20190521_120804.jpg,1920,1080,INS-A,893,640,1104,849
IMG_20190521_120804.jpg,1920,1080,INS-A,1229,647,1483,818
IMG_20190521_120808.jpg,1920,1080,INS-A,279,16,503,270
IMG_20190521_120808.jpg,1920,1080,INS-A,745,480,960,763
IMG_20190521_120808.jpg,1920,1080,INS-A,1335,505,1508,753
IMG_20190521_120808.jpg,1920,1080,INS-A,1231,905,1474,1059
IMG_20190521_120835.jpg,1920,1080,INS-A,193,391,287,453
IMG_20190521_120835.jpg,1920,1080,INS-A,370,347,489,420
IMG_20190521_120835.jpg,1920,1080,INS-A,839,399,939,480
IMG_20190521_120835.jpg,1920,1080,INS-A,1166,495,1303,601
IMG_20190521_120835.jpg,1920,1080,INS-A,1368,532,1454,622
IMG_20190521_120835.jpg,1920,1080,INS-A,1503,543,1585,628
IMG_20190521_120835.jpg,1920,1080,INS-A,1456,353,1570,422
IMG_20190521_120835.jpg,1920,1080,INS-A,618,772,704,853
IMG_20190521_120840.jpg,1920,1080,INS-A,141,441,381,601
IMG_20190521_120840.jpg,1920,1080,INS-A,999,613,1289,853
IMG_20190521_120840.jpg,1920,1080,INS-A,1503,659,1718,855
IMG_20190521_120840.jpg,1920,1080,INS-A,1653,170,1895,318
IMG_20190521_120847.jpg,1920,1080,INS-A,881,378,1049,601
IMG_20190521_120851.jpg,1920,1080,INS-A,920,422,1012,522
IMG_20190521_121134.jpg,1920,1080,INS-B,849,378,1037,791
IMG_20190521_121138.jpg,1920,1080,INS-B,589,215,724,401
IMG_20190521_121138.jpg,1920,1080,INS-B,1016,278,1154,384
IMG_20190521_121138.jpg,1920,1080,INS-B,979,543,1162,743
IMG_20190521_121138.jpg,1920,1080,INS-B,1201,782,1464,936
IMG_20190521_121146.jpg,1920,1080,INS-B,1674,378,1799,518
IMG_20190521_121155.jpg,1920,1080,INS-B,585,228,701,376
IMG_20190521_121155.jpg,1920,1080,INS-B,1217,115,1316,253
IMG_20190521_121155.jpg,1920,1080,INS-B,1602,2,1697,156
IMG_20190521_121155.jpg,1920,1080,INS-B,546,608,665,812
IMG_20190521_121155.jpg,1920,1080,INS-B,1085,915,1299,1044
IMG_20190521_121158.jpg,1920,1080,INS-B,324,215,553,543
IMG_20190521_121158.jpg,1920,1080,INS-B,1364,509,1685,732
IMG_20190521_121203.jpg,1920,1080,INS-B,279,534,449,793
IMG_20190521_121203.jpg,1920,1080,INS-B,1537,299,1714,407
IMG_20190521_121206.jpg,1920,1080,INS-B,837,316,1081,732
IMG_20190521_121209.jpg,1920,1080,INS-B,970,368,1272,613
IMG_20190521_121209.jpg,1920,1080,INS-B,1654,55,1920,518
IMG_20190521_121213.jpg,1920,1080,INS-B,868,351,1401,672
IMG_20190521_121216.jpg,1920,1080,INS-B,849,318,1141,686
IMG_20190521_121222.jpg,1920,1080,INS-B,656,484,793,609
IMG_20190521_121222.jpg,1920,1080,INS-B,762,455,903,549
IMG_20190521_121222.jpg,1920,1080,INS-B,781,815,931,988
IMG_20190521_121222.jpg,1920,1080,INS-B,1329,341,1439,441
IMG_20190521_121222.jpg,1920,1080,INS-B,1795,268,1881,434
IMG_20190521_121225.jpg,1920,1080,INS-B,658,391,924,690
IMG_20190521_121225.jpg,1920,1080,INS-B,904,351,1226,578
IMG_20190521_121228.jpg,1920,1080,INS-B,843,432,1141,718
IMG_20190521_121236.jpg,1920,1080,INS-B,404,518,520,636
IMG_20190521_121236.jpg,1920,1080,INS-B,503,493,635,582
IMG_20190521_121236.jpg,1920,1080,INS-B,1060,403,1160,516
IMG_20190521_121236.jpg,1920,1080,INS-B,1503,355,1603,491
IMG_20190521_121236.jpg,1920,1080,INS-B,464,843,629,1003
IMG_20190521_121257.jpg,1920,1080,INS-B,847,338,1033,638
IMG_20190521_121257.jpg,1920,1080,INS-B,1476,1,1745,113
IMG_20190521_121302.jpg,1920,1080,INS-B,774,361,1091,638
IMG_20190521_121308.jpg,1920,1080,INS-B,814,265,1153,615
IMG_20190521_121314.jpg,1920,1080,INS-B,674,372,1287,691
IMG_20190521_121322.jpg,1920,1080,INS-B,1004,191,1112,328
IMG_20190521_121322.jpg,1920,1080,INS-B,854,495,1053,582
IMG_20190521_121322.jpg,1920,1080,INS-B,1412,693,1576,838
IMG_20190521_121326.jpg,1920,1080,INS-B,893,445,997,547
IMG_20190521_121326.jpg,1920,1080,INS-B,718,834,931,924
IMG_20190521_121331.jpg,1920,1080,INS-B,191,263,389,393
IMG_20190521_121331.jpg,1920,1080,INS-B,883,438,1060,593
IMG_20190521_121406.jpg,1920,1080,INS-B,859,335,1114,667
IMG_20190521_121411.jpg,1920,1080,INS-B,838,450,1108,619
IMG_20190521_121415.jpg,1920,1080,INS-B,1087,188,1314,315
IMG_20190521_121415.jpg,1920,1080,INS-B,857,471,1070,610
IMG_20190521_121428.jpg,1920,1080,INS-B,842,354,1160,658
IMG_20190521_121459.jpg,1920,1080,INS-B,884,290,1108,750
IMG_20190521_121524.jpg,1920,1080,INS-B,830,283,1116,754
IMG_20190521_121529.jpg,1920,1080,INS-B,786,233,1170,848
IMG_20190521_121757.jpg,1920,1080,INS-C,430,58,590,273
IMG_20190521_121757.jpg,1920,1080,INS-C,480,400,615,594
IMG_20190521_121757.jpg,1920,1080,INS-C,1129,394,1275,633
IMG_20190521_121757.jpg,1920,1080,INS-C,1214,735,1356,890
IMG_20190521_121814.jpg,1920,1080,INS-C,785,255,1045,601
IMG_20190521_121814.jpg,1920,1080,INS-C,806,649,1037,880
IMG_20190521_121819.jpg,1920,1080,INS-C,829,196,1049,503
IMG_20190521_121819.jpg,1920,1080,INS-C,837,644,1037,961
IMG_20190521_121829.jpg,1920,1080,INS-C,737,173,817,280
IMG_20190521_121829.jpg,1920,1080,INS-C,733,331,814,431
IMG_20190521_121829.jpg,1920,1080,INS-C,1117,388,1227,504
IMG_20190521_121829.jpg,1920,1080,INS-C,1135,510,1214,592
IMG_20190521_121834.jpg,1920,1080,INS-C,4,341,280,538
IMG_20190521_121834.jpg,1920,1080,INS-C,1007,496,1454,746
IMG_20190521_121849.jpg,1920,1080,INS-C,693,346,997,759
IMG_20190521_121854.jpg,1920,1080,INS-C,922,453,1285,857
IMG_20190521_121900.jpg,1920,1080,INS-C,937,474,1220,869
IMG_20190521_121903.jpg,1920,1080,INS-C,743,238,1066,667
IMG_20190521_121906.jpg,1920,1080,INS-C,760,199,1074,678
IMG_20190521_121917.jpg,1920,1080,INS-C,614,417,1072,690
IMG_20190521_121920.jpg,1920,1080,INS-C,666,301,1054,759
IMG_20190521_121930.jpg,1920,1080,INS-C,441,632,547,719
IMG_20190521_121930.jpg,1920,1080,INS-C,856,161,937,257
IMG_20190521_121930.jpg,1920,1080,INS-C,1331,67,1416,184
IMG_20190521_121930.jpg,1920,1080,INS-C,1031,434,1158,530
IMG_20190521_121930.jpg,1920,1080,INS-C,1187,894,1291,1042
IMG_20190521_122153.jpg,1920,1080,INS-C,837,308,1013,535
IMG_20190521_122153.jpg,1920,1080,INS-C,764,547,1018,721
IMG_20190521_122153.jpg,1920,1080,INS-C,1105,523,1393,663
IMG_20190521_122153.jpg,1920,1080,INS-C,849,740,982,953
IMG_20190521_122153.jpg,1920,1080,INS-C,1040,744,1205,983
IMG_20190521_122158.jpg,1920,1080,INS-C,572,21,831,409
IMG_20190521_122158.jpg,1920,1080,INS-C,983,382,1470,611
IMG_20190521_122158.jpg,1920,1080,INS-C,418,428,852,694
IMG_20190521_122158.jpg,1920,1080,INS-C,583,726,795,1067
IMG_20190521_122158.jpg,1920,1080,INS-C,895,740,1157,1080
IMG_20190521_122215.jpg,1920,1080,INS-C,1087,13,1233,265
IMG_20190521_122215.jpg,1920,1080,INS-C,1322,590,1483,921
IMG_20190521_122215.jpg,1920,1080,INS-C,745,886,1049,1065
IMG_20190521_122215.jpg,1920,1080,INS-C,1,846,218,1044
IMG_20190521_122237.jpg,1920,1080,INS-C,424,288,691,626
IMG_20190521_122237.jpg,1920,1080,INS-C,1214,428,1654,684
IMG_20190521_122302.jpg,1920,1080,INS-C,388,333,492,504
IMG_20190521_122302.jpg,1920,1080,INS-C,760,389,988,497
IMG_20190521_122302.jpg,1920,1080,INS-C,862,34,989,211
IMG_20190521_122302.jpg,1920,1080,INS-C,1193,176,1310,388
IMG_20190521_122302.jpg,1920,1080,INS-C,799,917,1029,1055
IMG_20190521_122309.jpg,1920,1080,INS-C,499,1,748,113
IMG_20190521_122309.jpg,1920,1080,INS-C,362,342,558,463
IMG_20190521_122309.jpg,1920,1080,INS-C,762,328,874,580
IMG_20190521_122309.jpg,1920,1080,INS-C,1224,709,1431,882
IMG_20190521_122309.jpg,1920,1080,INS-C,685,865,874,986
IMG_20190521_122316.jpg,1920,1080,INS-C,714,324,1074,769
IMG_20190521_122322.jpg,1920,1080,INS-C,570,57,779,417
IMG_20190521_122322.jpg,1920,1080,INS-C,345,826,820,1059
IMG_20190521_122322.jpg,1920,1080,INS-C,1254,338,1499,794
IMG_20190521_122526.jpg,1920,1080,INS-A,986,118,1069,187
IMG_20190521_122526.jpg,1920,1080,INS-A,848,265,913,316
IMG_20190521_122526.jpg,1920,1080,INS-A,632,222,714,298
IMG_20190521_122526.jpg,1920,1080,INS-A,525,367,566,428
IMG_20190521_122526.jpg,1920,1080,INS-A,521,830,580,899
IMG_20190521_122526.jpg,1920,1080,INS-A,775,780,883,862
IMG_20190521_122526.jpg,1920,1080,INS-A,1298,799,1351,874
IMG_20190521_122526.jpg,1920,1080,INS-C,878,655,976,701
IMG_20190521_122526.jpg,1920,1080,INS-C,566,644,645,696
IMG_20190521_122526.jpg,1920,1080,INS-C,967,473,1024,544
IMG_20190521_122526.jpg,1920,1080,INS-A,1193,528,1281,605
IMG_20190521_122526.jpg,1920,1080,INS-B,854,1007,965,1080
IMG_20190521_122526.jpg,1920,1080,INS-B,539,560,628,616
IMG_20190521_122526.jpg,1920,1080,INS-B,777,68,843,161
IMG_20190521_122526.jpg,1920,1080,INS-C,1193,306,1293,361
IMG_20190521_122526.jpg,1920,1080,INS-A,1394,162,1452,223
IMG_20190521_122535.jpg,1920,1080,INS-A,331,240,464,401
IMG_20190521_122535.jpg,1920,1080,INS-A,1149,36,1285,174
IMG_20190521_122535.jpg,1920,1080,INS-C,1368,588,1508,776
IMG_20190521_122535.jpg,1920,1080,INS-C,422,959,598,1080
IMG_20190521_122538.jpg,1920,1080,INS-B,645,290,799,546
IMG_20190521_122538.jpg,1920,1080,INS-A,216,663,427,861
IMG_20190521_122538.jpg,1920,1080,INS-A,1137,509,1358,667
IMG_20190521_122538.jpg,1920,1080,INS-A,770,840,906,974
IMG_20190521_122538.jpg,1920,1080,INS-A,1489,1,1641,132
IMG_20190521_122541.jpg,1920,1080,INS-B,524,203,754,371
IMG_20190521_122541.jpg,1920,1080,INS-B,354,707,518,946
IMG_20190521_122541.jpg,1920,1080,INS-A,1081,205,1266,374
IMG_20190521_122541.jpg,1920,1080,INS-A,881,817,1102,986
IMG_20190521_122544.jpg,1920,1080,INS-C,993,607,1222,719
IMG_20190521_122544.jpg,1920,1080,INS-A,1437,234,1560,378
IMG_20190521_122544.jpg,1920,1080,INS-A,527,169,720,338
IMG_20190521_122544.jpg,1920,1080,INS-B,41,74,202,307
IMG_20190521_122544.jpg,1920,1080,INS-A,210,538,366,663
IMG_20190521_122558.jpg,1920,1080,INS-A,570,482,639,549
IMG_20190521_122558.jpg,1920,1080,INS-A,858,251,914,290
IMG_20190521_122558.jpg,1920,1080,INS-A,525,322,578,363
IMG_20190521_122558.jpg,1920,1080,INS-A,976,300,1037,377
IMG_20190521_122558.jpg,1920,1080,INS-A,984,476,1028,522
IMG_20190521_122558.jpg,1920,1080,INS-A,1098,568,1158,631
IMG_20190521_122558.jpg,1920,1080,INS-A,1291,619,1352,679
IMG_20190521_122558.jpg,1920,1080,INS-A,796,745,849,818
IMG_20190521_122558.jpg,1920,1080,INS-A,608,837,664,885
IMG_20190521_122558.jpg,1920,1080,INS-A,1096,876,1148,921
IMG_20190521_122558.jpg,1920,1080,INS-C,980,731,1022,810
IMG_20190521_122558.jpg,1920,1080,INS-C,812,585,876,640
IMG_20190521_122558.jpg,1920,1080,INS-C,695,540,734,612
IMG_20190521_122558.jpg,1920,1080,INS-B,432,563,495,631
IMG_20190521_122558.jpg,1920,1080,INS-B,725,295,772,354
IMG_20190521_122558.jpg,1920,1080,INS-B,1107,390,1180,460
IMG_20190521_122558.jpg,1920,1080,INS-B,1290,433,1345,514
IMG_20190521_122606.jpg,1920,1080,INS-A,550,518,603,574
IMG_20190521_122606.jpg,1920,1080,INS-A,654,714,735,771
IMG_20190521_122606.jpg,1920,1080,INS-A,920,421,1000,488
IMG_20190521_122606.jpg,1920,1080,INS-A,1268,704,1308,759
IMG_20190521_122606.jpg,1920,1080,INS-A,1187,841,1272,923
IMG_20190521_122606.jpg,1920,1080,INS-A,1013,885,1067,928
IMG_20190521_122606.jpg,1920,1080,INS-A,1122,345,1173,400
IMG_20190521_122606.jpg,1920,1080,INS-C,864,563,952,606
IMG_20190521_122606.jpg,1920,1080,INS-C,1128,499,1196,546
IMG_20190521_122606.jpg,1920,1080,INS-C,868,701,918,772
IMG_20190521_122606.jpg,1920,1080,INS-B,820,283,878,356
IMG_20190521_122606.jpg,1920,1080,INS-B,1203,560,1257,612
IMG_20190521_122606.jpg,1920,1080,INS-C,876,936,954,999
IMG_20190521_122610.jpg,1920,1080,INS-B,695,1,788,99
IMG_20190521_122610.jpg,1920,1080,INS-C,954,5,1056,63
IMG_20190521_122610.jpg,1920,1080,INS-C,797,649,877,776
IMG_20190521_122610.jpg,1920,1080,INS-C,802,417,922,513
IMG_20190521_122610.jpg,1920,1080,INS-A,252,382,343,465
IMG_20190521_122610.jpg,1920,1080,INS-A,445,699,583,790
IMG_20190521_122610.jpg,1920,1080,INS-A,1062,946,1156,1021
IMG_20190521_122610.jpg,1920,1080,INS-A,1479,634,1543,732
IMG_20190521_122610.jpg,1920,1080,INS-A,1352,867,1477,992
IMG_20190521_122610.jpg,1920,1080,INS-A,864,174,993,296
IMG_20190521_122610.jpg,1920,1080,INS-A,1204,40,1285,130
IMG_20190521_122610.jpg,1920,1080,INS-C,1352,388,1441,476
IMG_20190521_122616.jpg,1920,1080,INS-A,1447,117,1591,232
IMG_20190521_122616.jpg,1920,1080,INS-A,1133,182,1245,263
IMG_20190521_122616.jpg,1920,1080,INS-A,960,440,1091,565
IMG_20190521_122616.jpg,1920,1080,INS-A,343,534,433,642
IMG_20190521_122616.jpg,1920,1080,INS-A,916,857,1045,982
IMG_20190521_122616.jpg,1920,1080,INS-B,1247,801,1414,909
IMG_20190521_122616.jpg,1920,1080,INS-B,1310,415,1447,549
IMG_20190521_122616.jpg,1920,1080,INS-C,885,278,1031,382
IMG_20190521_122621.jpg,1920,1080,INS-B,720,15,845,153
IMG_20190521_122621.jpg,1920,1080,INS-B,1497,582,1595,669
IMG_20190521_122621.jpg,1920,1080,INS-C,833,584,981,698
IMG_20190521_122621.jpg,1920,1080,INS-A,154,490,260,594
IMG_20190521_122621.jpg,1920,1080,INS-C,816,867,912,1009
IMG_20190521_122621.jpg,1920,1080,INS-A,922,292,1081,446
IMG_20190521_122621.jpg,1920,1080,INS-A,379,899,533,1009
IMG_20190521_122625.jpg,1920,1080,INS-A,1331,103,1527,274
IMG_20190521_122625.jpg,1920,1080,INS-A,320,284,456,440
IMG_20190521_122625.jpg,1920,1080,INS-A,570,832,783,996
IMG_20190521_122625.jpg,1920,1080,INS-C,1172,453,1370,582
IMG_20190521_122625.jpg,1920,1080,INS-C,1141,826,1256,1011
IMG_20190521_122629.jpg,1920,1080,INS-A,131,138,308,269
IMG_20190521_122629.jpg,1920,1080,INS-C,618,140,724,301
IMG_20190521_122629.jpg,1920,1080,INS-C,631,655,781,776
IMG_20190521_122629.jpg,1920,1080,INS-B,1139,836,1306,1007
IMG_20190521_122629.jpg,1920,1080,INS-A,1316,486,1468,628
IMG_20190521_122629.jpg,1920,1080,INS-A,1497,178,1585,296
IMG_20190521_122629.jpg,1920,1080,INS-A,937,549,1060,640
IMG_20190521_122629.jpg,1920,1080,INS-A,687,855,879,1009
IMG_20190521_122635.jpg,1920,1080,INS-A,591,926,749,1067
IMG_20190521_122635.jpg,1920,1080,INS-A,656,392,847,546
IMG_20190521_122635.jpg,1920,1080,INS-A,902,59,1027,157
IMG_20190521_122635.jpg,1920,1080,INS-A,1304,1,1479,144
IMG_20190521_122635.jpg,1920,1080,INS-C,583,159,752,305
IMG_20190521_122635.jpg,1920,1080,INS-B,1120,367,1279,530
IMG_20190521_122635.jpg,1920,1080,INS-B,1022,863,1233,988
IMG_20190521_122641.jpg,1920,1080,INS-B,491,211,654,390
IMG_20190521_122641.jpg,1920,1080,INS-C,645,928,856,1055
IMG_20190521_122641.jpg,1920,1080,INS-A,758,559,958,740
IMG_20190521_122641.jpg,1920,1080,INS-A,1293,367,1416,499
IMG_20190521_122648.jpg,1920,1080,INS-A,508,169,591,219
IMG_20190521_122648.jpg,1920,1080,INS-A,920,244,987,326
IMG_20190521_122648.jpg,1920,1080,INS-A,1110,92,1160,157
IMG_20190521_122648.jpg,1920,1080,INS-A,293,513,364,586
IMG_20190521_122648.jpg,1920,1080,INS-A,1241,534,1313,620
IMG_20190521_122648.jpg,1920,1080,INS-B,1290,531,1378,598
IMG_20190521_122648.jpg,1920,1080,INS-A,1343,761,1405,819
IMG_20190521_122648.jpg,1920,1080,INS-C,1107,484,1156,567
IMG_20190521_122648.jpg,1920,1080,INS-C,921,478,1003,528
IMG_20190521_122648.jpg,1920,1080,INS-A,557,543,633,619
IMG_20190521_122648.jpg,1920,1080,INS-C,330,723,399,832
IMG_20190521_122648.jpg,1920,1080,INS-C,573,753,658,842
IMG_20190521_122648.jpg,1920,1080,INS-A,766,838,848,922
IMG_20190521_122648.jpg,1920,1080,INS-A,752,643,800,712
IMG_20190521_122704.jpg,1920,1080,INS-A,262,544,358,659
IMG_20190521_122704.jpg,1920,1080,INS-A,404,657,483,746
IMG_20190521_122704.jpg,1920,1080,INS-A,768,569,839,669
IMG_20190521_122704.jpg,1920,1080,INS-A,754,286,822,330
IMG_20190521_122704.jpg,1920,1080,INS-A,1285,232,1364,292
IMG_20190521_122704.jpg,1920,1080,INS-A,860,369,949,469
IMG_20190521_122704.jpg,1920,1080,INS-A,1010,386,1091,457
IMG_20190521_122704.jpg,1920,1080,INS-A,852,530,913,589
IMG_20190521_122704.jpg,1920,1080,INS-A,904,640,974,682
IMG_20190521_122704.jpg,1920,1080,INS-A,1017,571,1071,657
IMG_20190521_122704.jpg,1920,1080,INS-C,882,599,927,690
IMG_20190521_122704.jpg,1920,1080,INS-C,935,712,1020,757
IMG_20190521_122704.jpg,1920,1080,INS-C,1276,528,1324,605
IMG_20190521_122704.jpg,1920,1080,INS-B,1028,725,1094,845
IMG_20190521_122704.jpg,1920,1080,INS-B,1198,654,1303,738
IMG_20190521_122704.jpg,1920,1080,INS-B,1184,512,1274,582
IMG_20190521_122704.jpg,1920,1080,INS-C,1140,828,1224,914
IMG_20190521_122712.jpg,1920,1080,INS-A,2,234,139,367
IMG_20190521_122712.jpg,1920,1080,INS-A,793,236,927,378
IMG_20190521_122712.jpg,1920,1080,INS-A,510,396,637,544
IMG_20190521_122712.jpg,1920,1080,INS-A,674,409,766,519
IMG_20190521_122712.jpg,1920,1080,INS-A,745,26,847,126
IMG_20190521_122712.jpg,1920,1080,INS-A,654,603,752,676
IMG_20190521_122712.jpg,1920,1080,INS-A,833,590,941,724
IMG_20190521_122712.jpg,1920,1080,INS-A,1454,380,1579,465
IMG_20190521_122712.jpg,1920,1080,INS-C,620,530,741,653
IMG_20190521_122712.jpg,1920,1080,INS-C,635,703,768,805
IMG_20190521_122712.jpg,1920,1080,INS-B,704,801,818,980
IMG_20190521_122712.jpg,1920,1080,INS-B,997,788,1118,919
IMG_20190521_122712.jpg,1920,1080,INS-B,983,888,1166,959
IMG_20190521_122712.jpg,1920,1080,INS-A,985,365,1095,469
IMG_20190521_122717.jpg,1920,1080,INS-A,449,213,562,307
IMG_20190521_122717.jpg,1920,1080,INS-A,499,355,581,446
IMG_20190521_122717.jpg,1920,1080,INS-A,979,271,1052,344
IMG_20190521_122717.jpg,1920,1080,INS-A,816,494,887,586
IMG_20190521_122717.jpg,1920,1080,INS-A,999,415,1083,503
IMG_20190521_122717.jpg,1920,1080,INS-A,1112,503,1181,576
IMG_20190521_122717.jpg,1920,1080,INS-A,1402,546,1477,603
IMG_20190521_122717.jpg,1920,1080,INS-A,920,507,974,586
IMG_20190521_122717.jpg,1920,1080,INS-A,995,632,1070,719
IMG_20190521_122717.jpg,1920,1080,INS-C,877,684,954,753
IMG_20190521_122717.jpg,1920,1080,INS-C,870,593,960,655
IMG_20190521_122717.jpg,1920,1080,INS-A,890,629,958,666
IMG_20190521_122717.jpg,1920,1080,INS-B,914,760,970,867
IMG_20190521_122717.jpg,1920,1080,INS-B,1103,768,1172,850
IMG_20190521_122717.jpg,1920,1080,INS-B,1090,839,1200,878
IMG_20190521_122717.jpg,1920,1080,INS-B,951,893,1010,1000
